"path","extension","size"
".flutter-plugins-dependencies",".flutter-plugins-dependencies","21769"
".gitignore",".gitignore","754"
".metadata",".metadata","968"
"analysis_options.yaml",".yaml","1665"
"code_generator.dart",".dart","2123"
"log.txt",".txt","174128"
"pubspec.lock",".lock","46872"
"pubspec.yaml",".yaml","2399"
"README.md",".md","9078"
"yallaaccounts.exe",".exe","588"
"yalla_accounts.db",".db","0"
"yalla_accounts.iml",".iml","859"
"المتبقي%.ini",".ini","2892"
"تظهير الشيكات.txt",".txt","9846"
"android\.gitignore",".gitignore","267"
"android\build.gradle.kts",".kts","536"
"android\gradle.properties",".properties","169"
"android\gradlew","","4971"
"android\gradlew.bat",".bat","2404"
"android\local.properties",".properties","82"
"android\settings.gradle.kts",".kts","763"
"android\yalla_accounts_android.iml",".iml","1630"
"android\app\build.gradle.kts",".kts","1444"
"android\app\src\debug\AndroidManifest.xml",".xml","385"
"android\app\src\main\AndroidManifest.xml",".xml","1991"
"android\app\src\main\java\io\flutter\plugins\GeneratedPluginRegistrant.java",".java","5310"
"android\app\src\main\kotlin\com\example\yalla_accounts\MainActivity.kt",".kt","133"
"android\app\src\main\res\drawable\launch_background.xml",".xml","446"
"android\app\src\main\res\drawable-v21\launch_background.xml",".xml","450"
"android\app\src\main\res\mipmap-hdpi\ic_launcher.png",".png","544"
"android\app\src\main\res\mipmap-mdpi\ic_launcher.png",".png","442"
"android\app\src\main\res\mipmap-xhdpi\ic_launcher.png",".png","721"
"android\app\src\main\res\mipmap-xxhdpi\ic_launcher.png",".png","1031"
"android\app\src\main\res\mipmap-xxxhdpi\ic_launcher.png",".png","1443"
"android\app\src\main\res\values\styles.xml",".xml","1014"
"android\app\src\main\res\values-night\styles.xml",".xml","1013"
"android\app\src\profile\AndroidManifest.xml",".xml","385"
"android\gradle\wrapper\gradle-wrapper.jar",".jar","53636"
"android\gradle\wrapper\gradle-wrapper.properties",".properties","206"
"assets\fonts\Cairo-Bold.ttf",".ttf","170996"
"assets\fonts\Cairo-Regular.ttf",".ttf","30372"
"assets\fonts\NotoNaskhArabic-Bold.ttf",".ttf","144620"
"assets\fonts\NotoNaskhArabic-Regular.ttf",".ttf","146000"
"assets\fonts\NotoSansArabic-Regular.ttf",".ttf","140400"
"assets\fonts\NotoSansSymbols2-Regular.ttf",".ttf","1228868"
"assets\fonts\Tahoma-Bold.ttf",".ttf","877632"
"assets\fonts\Tahoma-Regular.ttf",".ttf","948860"
"assets\fonts\TraditionalArabic-Bold.ttf",".ttf","282292"
"assets\fonts\TraditionalArabic-Regular.ttf",".ttf","282292"
"assets\icons\user_avatar.png",".png","13994"
"assets\images\logo.png",".png","161834"
"assets\logo\logo.png",".png","161834"
"dashboard\admin_dashboard_screen.dart",".dart","6894"
"dashboard\dashboard_provider.dart",".dart","1102"
"dashboard\owner_dashboard_screen.dart",".dart","8061"
"data\yalla_test.db",".db","16384"
"installer\YallaAccounts_ag_Setup_1.0.0.exe",".exe","34568715"
"installer\YallaAccounts_Setup_1.0.0.exe",".exe","34730253"
"installer\YallaAccounts_Trial_Setup_1.0.0.exe",".exe","34285428"
"ios\.gitignore",".gitignore","603"
"ios\Flutter\AppFrameworkInfo.plist",".plist","800"
"ios\Flutter\Debug.xcconfig",".xcconfig","31"
"ios\Flutter\flutter_export_environment.sh",".sh","661"
"ios\Flutter\Generated.xcconfig",".xcconfig","622"
"ios\Flutter\Release.xcconfig",".xcconfig","31"
"ios\Flutter\ephemeral\flutter_lldbinit","","108"
"ios\Flutter\ephemeral\flutter_lldb_helper.py",".py","1276"
"ios\Flutter\ephemeral\flutter_native_integration.env",".env","472"
"ios\Runner\AppDelegate.swift",".swift","404"
"ios\Runner\GeneratedPluginRegistrant.h",".h","378"
"ios\Runner\GeneratedPluginRegistrant.m",".m","4577"
"ios\Runner\Info.plist",".plist","1704"
"ios\Runner\Runner-Bridging-Header.h",".h","39"
"ios\Runner\Assets.xcassets\AppIcon.appiconset\Contents.json",".json","2641"
"ios\Runner\Assets.xcassets\AppIcon.appiconset\Icon-App-1024x1024@1x.png",".png","10932"
"ios\Runner\Assets.xcassets\AppIcon.appiconset\Icon-App-20x20@1x.png",".png","295"
"ios\Runner\Assets.xcassets\AppIcon.appiconset\Icon-App-20x20@2x.png",".png","406"
"ios\Runner\Assets.xcassets\AppIcon.appiconset\Icon-App-20x20@3x.png",".png","450"
"ios\Runner\Assets.xcassets\AppIcon.appiconset\Icon-App-29x29@1x.png",".png","282"
"ios\Runner\Assets.xcassets\AppIcon.appiconset\Icon-App-29x29@2x.png",".png","462"
"ios\Runner\Assets.xcassets\AppIcon.appiconset\Icon-App-29x29@3x.png",".png","704"
"ios\Runner\Assets.xcassets\AppIcon.appiconset\Icon-App-40x40@1x.png",".png","406"
"ios\Runner\Assets.xcassets\AppIcon.appiconset\Icon-App-40x40@2x.png",".png","586"
"ios\Runner\Assets.xcassets\AppIcon.appiconset\Icon-App-40x40@3x.png",".png","862"
"ios\Runner\Assets.xcassets\AppIcon.appiconset\Icon-App-60x60@2x.png",".png","862"
"ios\Runner\Assets.xcassets\AppIcon.appiconset\Icon-App-60x60@3x.png",".png","1674"
"ios\Runner\Assets.xcassets\AppIcon.appiconset\Icon-App-76x76@1x.png",".png","762"
"ios\Runner\Assets.xcassets\AppIcon.appiconset\Icon-App-76x76@2x.png",".png","1226"
"ios\Runner\Assets.xcassets\AppIcon.appiconset\Icon-App-83.5x83.5@2x.png",".png","1418"
"ios\Runner\Assets.xcassets\LaunchImage.imageset\Contents.json",".json","414"
"ios\Runner\Assets.xcassets\LaunchImage.imageset\LaunchImage.png",".png","68"
"ios\Runner\Assets.xcassets\LaunchImage.imageset\LaunchImage@2x.png",".png","68"
"ios\Runner\Assets.xcassets\LaunchImage.imageset\LaunchImage@3x.png",".png","68"
"ios\Runner\Assets.xcassets\LaunchImage.imageset\README.md",".md","340"
"ios\Runner\Base.lproj\LaunchScreen.storyboard",".storyboard","2414"
"ios\Runner\Base.lproj\Main.storyboard",".storyboard","1631"
"ios\Runner.xcodeproj\project.pbxproj",".pbxproj","24300"
"ios\Runner.xcodeproj\project.xcworkspace\contents.xcworkspacedata",".xcworkspacedata","142"
"ios\Runner.xcodeproj\project.xcworkspace\xcshareddata\IDEWorkspaceChecks.plist",".plist","246"
"ios\Runner.xcodeproj\project.xcworkspace\xcshareddata\WorkspaceSettings.xcsettings",".xcsettings","234"
"ios\Runner.xcodeproj\xcshareddata\xcschemes\Runner.xcscheme",".xcscheme","3934"
"ios\Runner.xcworkspace\contents.xcworkspacedata",".xcworkspacedata","159"
"ios\Runner.xcworkspace\xcshareddata\IDEWorkspaceChecks.plist",".plist","246"
"ios\Runner.xcworkspace\xcshareddata\WorkspaceSettings.xcsettings",".xcsettings","234"
"ios\RunnerTests\RunnerTests.swift",".swift","297"
"lib\generate_yalla_licenses.dart",".dart","1264"
"lib\main.dart",".dart","6766"
"lib\core\bootstrap\ffi_init_io.dart",".dart","345"
"lib\core\bootstrap\ffi_init_web.dart",".dart","133"
"lib\core\config\app_config.dart",".dart","855"
"lib\core\config\environment.dart",".dart","96"
"lib\core\constants\app_keys.dart",".dart","510"
"lib\core\constants\colors.dart",".dart","1344"
"lib\core\constants\currencies.dart",".dart","764"
"lib\core\constants\db_constants.dart",".dart","429"
"lib\core\constants\expense_categories.dart",".dart","380"
"lib\core\constants\insurance_companies.dart",".dart","258"
"lib\core\constants\user_roles.dart",".dart","208"
"lib\core\data\sidebar_items.dart",".dart","5303"
"lib\core\database\database_provider.dart",".dart","1160"
"lib\core\enums\payment_type.dart",".dart","92"
"lib\core\licensing\device_fingerprint.dart",".dart","1611"
"lib\core\licensing\license_manager.dart",".dart","1212"
"lib\core\licensing\license_storage.dart",".dart","1534"
"lib\core\licensing\trial_expired_screen.dart",".dart","3277"
"lib\core\licensing\trial_manager.dart",".dart","2692"
"lib\core\licensing\widgets\trial_countdown_banner.dart",".dart","1176"
"lib\core\models\menu_item.dart",".dart","3314"
"lib\core\pdf\supplier_ledger_pdf.dart",".dart","9525"
"lib\core\pdf\yalla_pdf_service.dart",".dart","52825"
"lib\core\providers\critical_ops_provider.dart",".dart","2153"
"lib\core\providers\forecast_stats_provider.dart",".dart","982"
"lib\core\providers\kpi_items_provider.dart",".dart","1372"
"lib\core\providers\parts_usage_provider.dart",".dart","937"
"lib\core\providers\quick_actions_provider.dart",".dart","2604"
"lib\core\providers\smart_alerts_provider.dart",".dart","1143"
"lib\core\providers\theme_provider.dart",".dart","180"
"lib\core\providers\timeline_provider.dart",".dart","1210"
"lib\core\routes\app_routes.dart",".dart","34207"
"lib\core\services\accounting_gl.dart",".dart","12205"
"lib\core\services\backup_service.dart",".dart","4775"
"lib\core\services\db_service.dart",".dart","30"
"lib\core\services\device_utils.dart",".dart","5099"
"lib\core\services\global_search_service.dart",".dart","9083"
"lib\core\services\image_storage_service.dart",".dart","4937"
"lib\core\services\ledger_database_service.dart",".dart","1646"
"lib\core\services\license_service.dart",".dart","7060"
"lib\core\services\reports_gl_service.dart",".dart","7977"
"lib\core\services\db\database_constants.dart",".dart","1108"
"lib\core\services\db\database_migration.dart",".dart","12952"
"lib\core\services\db\db_service.dart",".dart","17453"
"lib\core\services\db\seeders\user_seeder.dart",".dart","4295"
"lib\core\services\db\tables\accounting_tables.dart",".dart","39071"
"lib\core\services\db\tables\cheque_tables.dart",".dart","7873"
"lib\core\services\db\tables\hr_tables.dart",".dart","7835"
"lib\core\services\db\tables\insurance_tables.dart",".dart","10954"
"lib\core\services\db\tables\payments_tables.dart",".dart","5957"
"lib\core\services\db\tables\purchase_invoices_table.dart",".dart","6008"
"lib\core\services\db\tables\purchase_payments_table.dart",".dart","4933"
"lib\core\services\db\tables\repair_tables.dart",".dart","13453"
"lib\core\services\db\tables\report_tables.dart",".dart","8207"
"lib\core\services\db\tables\supplier_tables.dart",".dart","5019"
"lib\core\services\db\tables\technical_tables.dart",".dart","5704"
"lib\core\services\db\tables\user_tables.dart",".dart","8854"
"lib\core\services\db\tables\voucher_tables.dart",".dart","6553"
"lib\core\services\db\views\accounting_views.dart",".dart","3702"
"lib\core\services\events\app_event_bus.dart",".dart","1858"
"lib\core\services\migrations\opening_balances_migration.dart",".dart","4745"
"lib\core\utils\arabic_reshaper_lite.dart",".dart","5478"
"lib\core\utils\date_utils.dart",".dart","851"
"lib\core\utils\image_helper.dart",".dart","843"
"lib\core\utils\number_utils.dart",".dart","728"
"lib\core\utils\storage_helper.dart",".dart","824"
"lib\core\utils\validators.dart",".dart","1495"
"lib\core\widgets\idle_timeout_wrapper.dart",".dart","2364"
"lib\core\widgets\under_construction_screen.dart",".dart","2856"
"lib\core\widgets\yalla_appbar.dart",".dart","4576"
"lib\core\widgets\yalla_button.dart",".dart","1303"
"lib\core\widgets\yalla_buttons_shortcuts.dart",".dart","1841"
"lib\core\widgets\yalla_scaffold.dart",".dart","1787"
"lib\core\widgets\y_glass.dart",".dart","2740"
"lib\core\widgets\sidebar\sidebar_footer.dart",".dart","2034"
"lib\core\widgets\sidebar\sidebar_header.dart",".dart","4583"
"lib\core\widgets\sidebar\sidebar_list.dart",".dart","1526"
"lib\core\widgets\sidebar\sidebar_search.dart",".dart","3328"
"lib\core\widgets\sidebar\sidebar_subtile.dart",".dart","4814"
"lib\core\widgets\sidebar\sidebar_tile.dart",".dart","5649"
"lib\core\widgets\sidebar\yalla_sidebar.dart",".dart","29405"
"lib\dev\dev_smoke_test.dart",".dart","3069"
"lib\dev\smoke\smoke_gl.dart",".dart","816"
"lib\features\account_statements\customers\screens\customer_account_statement_screen.dart",".dart","0"
"lib\features\account_statements\customers\services\customer_account_statement_service.dart",".dart","0"
"lib\features\account_statements\customers\widgets\customer_statement_card.dart",".dart","0"
"lib\features\account_statements\employees\screens\employee_statement_screen.dart",".dart","0"
"lib\features\account_statements\employees\services\employee_statement_service.dart",".dart","0"
"lib\features\account_statements\employees\widgets\employee_statement_card.dart",".dart","0"
"lib\features\account_statements\shared\account_statement_model.dart",".dart","2693"
"lib\features\account_statements\shared\statement_filters_widget.dart",".dart","0"
"lib\features\account_statements\shared\statement_header_widget.dart",".dart","0"
"lib\features\account_statements\shared\statement_row_model.dart",".dart","0"
"lib\features\account_statements\shared\models\account_statement_model.dart",".dart","0"
"lib\features\account_statements\shared\services\account_statement_service.dart",".dart","0"
"lib\features\account_statements\shared\shared\models\account_statement_model.dart",".dart","33"
"lib\features\account_statements\suppliers\screens\supplier_statement_screen.dart",".dart","0"
"lib\features\account_statements\suppliers\services\supplier_statement_service.dart",".dart","0"
"lib\features\account_statements\suppliers\widgets\supplier_statement_card.dart",".dart","0"
"lib\features\activation\screens\activation_screen.dart",".dart","1417"
"lib\features\admin\backup\backup_restore_page.dart",".dart","2915"
"lib\features\auth\models\admin.dart",".dart","0"
"lib\features\auth\models\app_user.dart",".dart","7581"
"lib\features\auth\models\subscription.dart",".dart","0"
"lib\features\auth\models\user.dart",".dart","2661"
"lib\features\auth\providers\auth_provider.dart",".dart","511"
"lib\features\auth\providers\current_user_provider.dart",".dart","328"
"lib\features\auth\providers\user_provider.dart",".dart","1426"
"lib\features\auth\screens\admin_dashboard_screen.dart",".dart","9150"
"lib\features\auth\screens\forgot_access_screen.dart",".dart","12841"
"lib\features\auth\screens\login_screen.dart",".dart","9499"
"lib\features\auth\screens\logout_screen.dart",".dart","1410"
"lib\features\auth\screens\manager_dashboard_screen.dart",".dart","4729"
"lib\features\auth\screens\manage_users_screen.dart",".dart","0"
"lib\features\auth\screens\recover_access_dialog.dart",".dart","4802"
"lib\features\auth\screens\register_user_screen.dart",".dart","24257"
"lib\features\auth\screens\reset_password_screen.dart",".dart","3776"
"lib\features\auth\screens\user_dashboard_screen.dart",".dart","13444"
"lib\features\auth\screens\user_details_screen.dart",".dart","16553"
"lib\features\auth\services\activation_code_validator.dart",".dart","3145"
"lib\features\auth\services\admin_setup.dart",".dart","2538"
"lib\features\auth\services\logs_service.dart",".dart","2496"
"lib\features\auth\services\subscription_service.dart",".dart","3610"
"lib\features\auth\services\user_service.dart",".dart","13358"
"lib\features\auth\widgets\add_user_dialog.dart",".dart","5163"
"lib\features\auth\widgets\custom_text_field.dart",".dart","950"
"lib\features\auth\widgets\edit_user_dialog.dart",".dart","5452"
"lib\features\auth\widgets\forgot_credentials_dialog.dart",".dart","10522"
"lib\features\auth\widgets\loading_spinner.dart",".dart","670"
"lib\features\auth\widgets\user_card.dart",".dart","2070"
"lib\features\backups\models\backup_file.dart",".dart","0"
"lib\features\backups\screens\backups_screen.dart",".dart","0"
"lib\features\backups\services\backup_service.dart",".dart","0"
"lib\features\backups\services\restore_service.dart",".dart","0"
"lib\features\backups\widgets\backup_card.dart",".dart","0"
"lib\features\cheques\models\cheque.dart",".dart","9942"
"lib\features\cheques\models\cheque_filter.dart",".dart","4671"
"lib\features\cheques\providers\cheque_provider.dart",".dart","6024"
"lib\features\cheques\screens\cheques_cancelled_screen.dart",".dart","1878"
"lib\features\cheques\screens\cheques_collected_screen.dart",".dart","1798"
"lib\features\cheques\screens\cheques_collection_screen.dart",".dart","1818"
"lib\features\cheques\screens\cheques_dashboard_screen.dart",".dart","13568"
"lib\features\cheques\screens\cheques_incoming_screen.dart",".dart","13169"
"lib\features\cheques\screens\cheques_list_screen.dart",".dart","37407"
"lib\features\cheques\screens\cheques_outgoing_screen.dart",".dart","10809"
"lib\features\cheques\screens\cheques_postdated_screen.dart",".dart","6781"
"lib\features\cheques\screens\cheques_report_screen.dart",".dart","50195"
"lib\features\cheques\screens\cheques_returned_screen.dart",".dart","6758"
"lib\features\cheques\screens\cheque_add_screen.dart",".dart","17614"
"lib\features\cheques\screens\cheque_details_screen.dart",".dart","15345"
"lib\features\cheques\screens\cheque_edit_screen.dart",".dart","2599"
"lib\features\cheques\services\cheque_endorsement_service.dart",".dart","6627"
"lib\features\cheques\services\cheque_gl_service.dart",".dart","2091"
"lib\features\cheques\services\cheque_link_service.dart",".dart","3861"
"lib\features\cheques\services\cheque_service.dart",".dart","8636"
"lib\features\cheques\widgets\cheque_card.dart",".dart","7281"
"lib\features\cheques\widgets\cheque_dialog.dart",".dart","11071"
"lib\features\cheques\widgets\cheque_filters.dart",".dart","8670"
"lib\features\cheques\widgets\steps\cheque_step_entry.dart",".dart","9116"
"lib\features\clients\models\client.dart",".dart","2814"
"lib\features\clients\providers\client_list_provider.dart",".dart","2889"
"lib\features\clients\screens\account_receivable_screen.dart",".dart","33836"
"lib\features\clients\screens\clients_list_screen.dart",".dart","7013"
"lib\features\clients\screens\clients_screen.dart",".dart","12894"
"lib\features\clients\screens\client_edit_screen.dart",".dart","8364"
"lib\features\clients\services\client_account_service.dart",".dart","2710"
"lib\features\clients\services\client_service.dart",".dart","10257"
"lib\features\clients\widgets\add_client_dialog.dart",".dart","7346"
"lib\features\clients\widgets\client_details_dialog.dart",".dart","5635"
"lib\features\clients\widgets\edit_client_dialog.dart",".dart","9639"
"lib\features\common\models\party.dart",".dart","2001"
"lib\features\contacts\services\contact_service.dart",".dart","33"
"lib\features\dashboard_provider.dart\dashboard_provider.dart",".dart","0"
"lib\features\employees\models\advance.dart",".dart","4211"
"lib\features\employees\models\attendance.dart",".dart","2020"
"lib\features\employees\models\employee.dart",".dart","19295"
"lib\features\employees\models\salary.dart",".dart","7511"
"lib\features\employees\models\salary_payment.dart",".dart","3177"
"lib\features\employees\providers\advance_provider.dart",".dart","4811"
"lib\features\employees\providers\compat_stubs.dart",".dart","1345"
"lib\features\employees\providers\employee_form_provider.dart",".dart","17044"
"lib\features\employees\providers\employee_provider.dart",".dart","6875"
"lib\features\employees\providers\payroll_provider.dart",".dart","3638"
"lib\features\employees\providers\salary_list_provider.dart",".dart","1923"
"lib\features\employees\providers\salary_provider.dart",".dart","8858"
"lib\features\employees\screens\add_employee_screen.dart",".dart","10951"
"lib\features\employees\screens\advances_report_screen.dart",".dart","14848"
"lib\features\employees\screens\attendance_overview_screen.dart",".dart","10363"
"lib\features\employees\screens\attendance_report_screen.dart",".dart","12041"
"lib\features\employees\screens\attendance_screen.dart",".dart","36181"
"lib\features\employees\screens\edit_employee_screen.dart",".dart","21266"
"lib\features\employees\screens\edit_salary_screen.dart",".dart","11941"
"lib\features\employees\screens\employees_list_screen.dart",".dart","18137"
"lib\features\employees\screens\employee_advances_screen.dart",".dart","24939"
"lib\features\employees\screens\employee_dashboard_screen.dart",".dart","18264"
"lib\features\employees\screens\employee_details_screen.dart",".dart","12754"
"lib\features\employees\screens\monthly_report_screen.dart",".dart","6089"
"lib\features\employees\screens\payroll_periods_screen.dart",".dart","12464"
"lib\features\employees\screens\payroll_report_screen.dart",".dart","11649"
"lib\features\employees\screens\payroll_screen.dart",".dart","29357"
"lib\features\employees\screens\salary_screen.dart",".dart","23543"
"lib\features\employees\screens\salary_summary_screen.dart",".dart","11134"
"lib\features\employees\screens\salsary_details_screen.dart",".dart","9976"
"lib\features\employees\services\advance_database_service.dart",".dart","20282"
"lib\features\employees\services\advance_service.dart",".dart","1419"
"lib\features\employees\services\attendance_database_service.dart",".dart","16129"
"lib\features\employees\services\attendance_export_service.dart",".dart","4129"
"lib\features\employees\services\employee_database_service.dart",".dart","9562"
"lib\features\employees\services\employee_ledger_service.dart",".dart","1921"
"lib\features\employees\services\employee_report_service.dart",".dart","33"
"lib\features\employees\services\employee_service.dart",".dart","6248"
"lib\features\employees\services\payroll_database_service.dart",".dart","20418"
"lib\features\employees\services\payroll_periods_service.dart",".dart","8265"
"lib\features\employees\services\payroll_service.dart",".dart","3346"
"lib\features\employees\services\salary_database_service.dart",".dart","19097"
"lib\features\employees\services\salary_payment_database_service.dart",".dart","6734"
"lib\features\employees\services\salary_service.dart",".dart","11822"
"lib\features\employees\utils\pdf_file_saver.dart",".dart","547"
"lib\features\employees\utils\salary_slip_pdf.dart",".dart","5391"
"lib\features\employees\utils\salary_slip_pdf_generator.dart",".dart","5413"
"lib\features\employees\widgets\attendance_calendar.dart",".dart","2753"
"lib\features\employees\widgets\employee_card.dart",".dart","3469"
"lib\features\employees\widgets\employee_filter_bar.dart",".dart","2150"
"lib\features\employees\widgets\employee_salary_card.dart",".dart","4479"
"lib\features\employees\widgets\manual_attendance_dialog.dart",".dart","4066"
"lib\features\employees\widgets\salary_quick_calc.dart",".dart","2747"
"lib\features\employees\widgets\steps\salary_slip_pdf_generator.dart",".dart","0"
"lib\features\employees\widgets\steps\step_employee_basic_data.dart",".dart","9195"
"lib\features\employees\widgets\steps\step_employee_notes_photo.dart",".dart","6124"
"lib\features\employees\widgets\steps\step_employee_salary_data.dart",".dart","22153"
"lib\features\finance\open_close_invoices.dart",".dart","0"
"lib\features\finance\supplier_account_resolver.dart",".dart","0"
"lib\features\finance\advances\services\advance_service.dart",".dart","2582"
"lib\features\finance\general_ledger\general_ledger.dart",".dart","0"
"lib\features\finance\gl\screens\gl_browser_screen.dart",".dart","19952"
"lib\features\finance\gl\screens\gl_entry_screen.dart",".dart","10897"
"lib\features\finance\gl\services\gl_service.dart",".dart","6086"
"lib\features\finance\inventory\inventory_item_model.dart",".dart","1433"
"lib\features\finance\inventory\inventory_ledger.dart",".dart","0"
"lib\features\finance\inventory\inventory_screen.dart",".dart","0"
"lib\features\finance\inventory\inventory_service.dart",".dart","2974"
"lib\features\finance\invoices\invoice_repository.dart",".dart","0"
"lib\features\finance\invoices\screens\invoice_view_header.dart",".dart","14792"
"lib\features\finance\invoices\screens\invoice_view_screen.dart",".dart","27317"
"lib\features\finance\invoices\services\invoice_gl_service.dart",".dart","5626"
"lib\features\finance\invoices\services\invoice_service.dart",".dart","18382"
"lib\features\finance\invoices\widgets\invoice_add_payment_button.dart",".dart","9059"
"lib\features\finance\ledgers\cash_bank_ledger.dart",".dart","1223"
"lib\features\finance\ledgers\customers_ledger.dart",".dart","0"
"lib\features\finance\ledgers\expenses_ledger.dart",".dart","0"
"lib\features\finance\ledgers\index.dart",".dart","222"
"lib\features\finance\ledgers\purchases_ledger.dart",".dart","0"
"lib\features\finance\ledgers\revenue_ledger.dart",".dart","0"
"lib\features\finance\ledgers\suppliers_ledger.dart",".dart","1276"
"lib\features\finance\ledgers\vat_ledger.dart",".dart","0"
"lib\features\finance\models\accounts_receivable_entry.dart",".dart","3604"
"lib\features\finance\models\balance_item.dart",".dart","0"
"lib\features\finance\models\financial_models.dart",".dart","3170"
"lib\features\finance\models\gl_entry.dart",".dart","5464"
"lib\features\finance\models\income_item.dart",".dart","0"
"lib\features\finance\models\invoice.dart",".dart","6704"
"lib\features\finance\models\invoice_item.dart",".dart","1354"
"lib\features\finance\models\journal_entry.dart",".dart","3023"
"lib\features\finance\models\ledger_entry.dart",".dart","2558"
"lib\features\finance\models\monthly_expense.dart",".dart","1283"
"lib\features\finance\models\purchase_entry.dart",".dart","1237"
"lib\features\finance\models\supplier_model.dart",".dart","608"
"lib\features\finance\models\tax_report.dart",".dart","0"
"lib\features\finance\opening\opening_balances_service.dart",".dart","2574"
"lib\features\finance\payments\models\payment.dart",".dart","4426"
"lib\features\finance\payments\providers\payments_provider.dart",".dart","1256"
"lib\features\finance\payments\screens\add_payment_screen.dart",".dart","9983"
"lib\features\finance\payments\screens\payment_gl_entry_screen_ltr.dart",".dart","16370"
"lib\features\finance\payments\screens\payment_list_screen.dart",".dart","11068"
"lib\features\finance\payments\screens\unposted_payments_screen.dart",".dart","6848"
"lib\features\finance\payments\services\payment_service.dart",".dart","35574"
"lib\features\finance\providers\finance_providers.dart",".dart","5216"
"lib\features\finance\providers\finance_state.dart",".dart","0"
"lib\features\finance\providers\gl_service_provider.dart",".dart","365"
"lib\features\finance\providers\journal_provider.dart",".dart","0"
"lib\features\finance\providers\ledger_provider.dart",".dart","0"
"lib\features\finance\providers\pending_ar_provider.dart",".dart","743"
"lib\features\finance\purchases\models\purchase.dart",".dart","4216"
"lib\features\finance\purchases\models\purchase_line.dart",".dart","2821"
"lib\features\finance\purchases\providers\purchase_provider.dart",".dart","5749"
"lib\features\finance\purchases\providers\purchase_read_provider.dart",".dart","1096"
"lib\features\finance\purchases\screens\add_car_parts_purchase_screen.dart",".dart","16960"
"lib\features\finance\purchases\screens\add_raw_material_purchase_screen.dart",".dart","16912"
"lib\features\finance\purchases\screens\purchases_by_month_screen.dart",".dart","8605"
"lib\features\finance\purchases\screens\purchases_dashboard_screen.dart",".dart","16412"
"lib\features\finance\purchases\screens\purchases_gl_audit_screen.dart",".dart","18288"
"lib\features\finance\purchases\screens\purchases_list_screen.dart",".dart","11508"
"lib\features\finance\purchases\screens\purchases_supplier_ledger_screen.dart",".dart","15406"
"lib\features\finance\purchases\screens\purchase_create_screen.dart",".dart","25230"
"lib\features\finance\purchases\screens\purchase_details_screen.dart",".dart","16114"
"lib\features\finance\purchases\screens\purchase_insurance_screen.dart",".dart","12761"
"lib\features\finance\purchases\screens\purchase_other_screen.dart",".dart","6515"
"lib\features\finance\purchases\screens\purchase_paint_screen.dart",".dart","11073"
"lib\features\finance\purchases\screens\purchase_tools_screen.dart",".dart","10856"
"lib\features\finance\purchases\screens\suppliers_aging_screen.dart",".dart","14548"
"lib\features\finance\purchases\screens\supplier_ledger_screen.dart",".dart","10049"
"lib\features\finance\purchases\screens\supplier_payments_screen.dart",".dart","13508"
"lib\features\finance\purchases\screens\unposted_purchases_screen.dart",".dart","11211"
"lib\features\finance\purchases\services\purchase_database_service.dart",".dart","4969"
"lib\features\finance\purchases\services\purchase_invoice_service.dart",".dart","6484"
"lib\features\finance\purchases\services\purchase_payment_service.dart",".dart","7708"
"lib\features\finance\purchases\services\purchase_read_service.dart",".dart","5257"
"lib\features\finance\purchases\services\purchase_service.dart",".dart","7104"
"lib\features\finance\purchases\services\supplier_payment_service.dart",".dart","5206"
"lib\features\finance\purchases\widgets\purchase_payment_dialog.dart",".dart","6848"
"lib\features\finance\reports\providers\general_ledger_provider.dart",".dart","5229"
"lib\features\finance\reports\providers\income_statement_providers.dart",".dart","2854"
"lib\features\finance\reports\providers\reports_providers.dart",".dart","9860"
"lib\features\finance\reports\screens\ar_aging_screen.dart",".dart","26103"
"lib\features\finance\reports\screens\balance_sheet_screen.dart",".dart","24083"
"lib\features\finance\reports\screens\cash_flow_screen.dart",".dart","25070"
"lib\features\finance\reports\screens\clients_aging_screen.dart",".dart","8927"
"lib\features\finance\reports\screens\income_statement_screen.dart",".dart","32388"
"lib\features\finance\reports\screens\suppliers_aging_screen.dart",".dart","19840"
"lib\features\finance\reports\screens\trial_balance_screen.dart",".dart","9971"
"lib\features\finance\screens\accounts_receivable_screen.dart",".dart","40494"
"lib\features\finance\screens\account_ledger_screen.dart",".dart","33306"
"lib\features\finance\screens\bank_account_screen.dart",".dart","21041"
"lib\features\finance\screens\cash_account_screen.dart",".dart","20836"
"lib\features\finance\screens\finance_dashboard_screen.dart",".dart","21879"
"lib\features\finance\screens\general_journal_screen.dart",".dart","25941"
"lib\features\finance\screens\income_statement_screen.dart",".dart","32770"
"lib\features\finance\screens\journal_entries_screen.dart",".dart","49089"
"lib\features\finance\screens\payments_screen.dart",".dart","37304"
"lib\features\finance\services\accounts_receivable_service.dart",".dart","12800"
"lib\features\finance\services\accounts_services.dart",".dart","0"
"lib\features\finance\services\finance_actions.dart",".dart","1152"
"lib\features\finance\services\finance_events_service.dart",".dart","5956"
"lib\features\finance\services\finance_report_service.dart",".dart","3314"
"lib\features\finance\services\finance_service.dart",".dart","9906"
"lib\features\finance\services\gl_service.dart",".dart","4224"
"lib\features\finance\services\invoice_database_service.dart",".dart","12058"
"lib\features\finance\services\journal_service.dart",".dart","9673"
"lib\features\finance\services\ledger_database_service.dart",".dart","2710"
"lib\features\finance\services\ledger_service.dart",".dart","3740"
"lib\features\finance\services\monthly_expense_service.dart",".dart","2216"
"lib\features\finance\services\monthly_finance_service.dart",".dart","2887"
"lib\features\finance\services\repair_ledger_service.dart",".dart","2236"
"lib\features\finance\services\report_service.dart",".dart","0"
"lib\features\finance\services\supplier_service.dart",".dart","1268"
"lib\features\finance\services\tax_service.dart",".dart","0"
"lib\features\finance\services\trial_balance_service.dart",".dart","3313"
"lib\features\finance\services\work_cost_calculator.dart",".dart","1201"
"lib\features\finance\taxes\income_tax.dart",".dart","0"
"lib\features\finance\taxes\tax_calculator.dart",".dart","0"
"lib\features\finance\taxes\vat_handler.dart",".dart","0"
"lib\features\finance\utils\accounting_helper.dart",".dart","0"
"lib\features\finance\utils\number_formatting.dart",".dart","0"
"lib\features\finance\widgets\chart_bar.dart",".dart","0"
"lib\features\finance\widgets\filter_row.dart",".dart","0"
"lib\features\finance\widgets\ledger_card.dart",".dart","0"
"lib\features\finance\widgets\summary_tile.dart",".dart","0"
"lib\features\finance\widgets\tax_status_badge.dart",".dart","0"
"lib\features\home\models\kpi_item.dart",".dart","864"
"lib\features\home\models\parts_usage_stats.dart",".dart","727"
"lib\features\home\providers\dashboard_provider.dart",".dart","1826"
"lib\features\home\screens\dashboard_screen.dart",".dart","14956"
"lib\features\home\search\global_search_delegate.dart",".dart","3721"
"lib\features\home\search\search_result.dart",".dart","818"
"lib\features\home\search\search_services.dart",".dart","5856"
"lib\features\home\services\alerts_service.dart",".dart","2087"
"lib\features\home\services\forecast_service.dart",".dart","33"
"lib\features\home\services\parts_usage_service.dart",".dart","2565"
"lib\features\home\services\timeline_service.dart",".dart","33"
"lib\features\home\widgets\action_shortcut_button.dart",".dart","2358"
"lib\features\home\widgets\analytics_charts.dart",".dart","17277"
"lib\features\home\widgets\configurable_kpi_grid.dart",".dart","1419"
"lib\features\home\widgets\critical_operations_list.dart",".dart","2055"
"lib\features\home\widgets\dashboard_char.dart",".dart","5105"
"lib\features\home\widgets\forecast_chart_widget.dart",".dart","3522"
"lib\features\home\widgets\health_bar.dart",".dart","6522"
"lib\features\home\widgets\kpi_card.dart",".dart","2248"
"lib\features\home\widgets\kpi_tile.dart",".dart","5212"
"lib\features\home\widgets\monthly_pie_chart.dart",".dart","5259"
"lib\features\home\widgets\operations_distribution_chart.dart",".dart","1508"
"lib\features\home\widgets\overview_charts.dart",".dart","7065"
"lib\features\home\widgets\parts_consumption_chart_widget.dart",".dart","3730"
"lib\features\home\widgets\payments_card.dart",".dart","5044"
"lib\features\home\widgets\profit_indicator.dart",".dart","2758"
"lib\features\home\widgets\quick_actions_bar.dart",".dart","5657"
"lib\features\home\widgets\quick_action_panel.dart",".dart","3143"
"lib\features\home\widgets\quick_stats.dart",".dart","6950"
"lib\features\home\widgets\recent_activity_list.dart",".dart","6037"
"lib\features\home\widgets\recent_repairs.dart",".dart","1991"
"lib\features\home\widgets\recent_tables.dart",".dart","10168"
"lib\features\home\widgets\sales_card.dart",".dart","9917"
"lib\features\home\widgets\section_title.dart",".dart","1233"
"lib\features\home\widgets\smart_alerts_banner.dart",".dart","3064"
"lib\features\home\widgets\smart_cards.dart",".dart","10334"
"lib\features\home\widgets\timeline_overview_widget.dart",".dart","2071"
"lib\features\home\widgets\today_timeline.dart",".dart","6113"
"lib\features\home\widgets\weekly_summary.dart",".dart","8949"
"lib\features\home\widgets\_mini_line_chart.dart",".dart","1713"
"lib\features\insurance\models\insurance_invoice.dart",".dart","1308"
"lib\features\insurance\providers\insurance_invoice_provider.dart",".dart","1159"
"lib\features\insurance\screens\insurance_invoice_edit_screen.dart",".dart","6791"
"lib\features\insurance\screens\insurance_invoice_list_screen.dart",".dart","3159"
"lib\features\insurance\screens\sell_insurance_screen.dart",".dart","33"
"lib\features\insurance\services\insurance_invoice_service.dart",".dart","5485"
"lib\features\insurance_agent\insurance_agent_feature.dart",".dart","0"
"lib\features\insurance_agent\alerts\screens\insurance_alerts_screen.dart",".dart","1911"
"lib\features\insurance_agent\calculator\data\insurance_pricing_tables.dart",".dart","6495"
"lib\features\insurance_agent\calculator\models\insurance_breakdown.dart",".dart","904"
"lib\features\insurance_agent\calculator\models\insurance_category.dart",".dart","7466"
"lib\features\insurance_agent\calculator\models\insurance_input.dart",".dart","2039"
"lib\features\insurance_agent\calculator\providers\insurance_calculator_provider.dart",".dart","4549"
"lib\features\insurance_agent\calculator\screens\insurance_calculator_screen.dart",".dart","12778"
"lib\features\insurance_agent\calculator\services\insurance_calculator_service.dart",".dart","12162"
"lib\features\insurance_agent\calculator\services\insurance_validation_service.dart",".dart","0"
"lib\features\insurance_agent\calculator\widgets\category_selector.dart",".dart","2055"
"lib\features\insurance_agent\calculator\widgets\discount_card.dart",".dart","3215"
"lib\features\insurance_agent\calculator\widgets\dynamic_inputs_form.dart",".dart","13428"
"lib\features\insurance_agent\calculator\widgets\result_card.dart",".dart","3335"
"lib\features\insurance_agent\contacts\screens\insurance_contacts_list_screen.dart",".dart","44224"
"lib\features\insurance_agent\finance\screens\insurance_finance_screen.dart",".dart","1884"
"lib\features\insurance_agent\home\screens\insurance_agent_home_screen.dart",".dart","2743"
"lib\features\insurance_agent\policies\models\policy_draft.dart",".dart","7631"
"lib\features\insurance_agent\policies\screens\add_policy_screen.dart",".dart","10163"
"lib\features\insurance_agent\policies\screens\edit_policy_screen.dart",".dart","29313"
"lib\features\insurance_agent\policies\screens\policies_list_screen.dart",".dart","26152"
"lib\features\insurance_agent\policies\screens\policy_details_screen.dart",".dart","61513"
"lib\features\insurance_agent\policies\screens\policy_payments_screen.dart",".dart","25908"
"lib\features\insurance_agent\policies\services\insurance_policy_service.dart",".dart","4134"
"lib\features\insurance_agent\policies\utils\policy_date_utils.dart",".dart","2429"
"lib\features\insurance_agent\policies\utils\policy_filters.dart",".dart","2239"
"lib\features\insurance_agent\policies\widgets\policies_desktop_table.dart",".dart","9969"
"lib\features\insurance_agent\policies\widgets\policies_list_header.dart",".dart","17988"
"lib\features\insurance_agent\policies\widgets\policies_mobile_cards.dart",".dart","1775"
"lib\features\insurance_agent\policies\widgets\policy_action_icon.dart",".dart","1052"
"lib\features\insurance_agent\policies\widgets\policy_details_appbar.dart",".dart","1854"
"lib\features\insurance_agent\policies\widgets\policy_kv_chip.dart",".dart","0"
"lib\features\insurance_agent\policies\widgets\policy_mobile_card.dart",".dart","5323"
"lib\features\insurance_agent\policies\widgets\policy_sidebar_overlay.dart",".dart","1989"
"lib\features\insurance_agent\policies\widgets\policy_table_row.dart",".dart","5124"
"lib\features\insurance_agent\policies\widgets\policy_wizard.dart",".dart","9228"
"lib\features\insurance_agent\policies\widgets\steps\step_attachments_confirm.dart",".dart","0"
"lib\features\insurance_agent\policies\widgets\steps\step_company_dates.dart",".dart","5411"
"lib\features\insurance_agent\policies\widgets\steps\step_insured_info.dart",".dart","9763"
"lib\features\insurance_agent\policies\widgets\steps\step_policy_details.dart",".dart","4970"
"lib\features\insurance_agent\policies\widgets\steps\step_pricing_payment.dart",".dart","29250"
"lib\features\insurance_agent\policies\widgets\steps\step_review_submit.dart",".dart","16089"
"lib\features\insurance_agent\policies\widgets\steps\step_vehicle_info.dart",".dart","9077"
"lib\features\insurance_agent\policies\widgets\steps\tep_pricing_payment.dart",".dart","29819"
"lib\features\insurance_agent\producers\screens\producers_portfolios_screen.dart",".dart","1865"
"lib\features\insurance_agent\reports\screens\insurance_reports_screen.dart",".dart","1906"
"lib\features\inventory\models\inventory_item.dart",".dart","1033"
"lib\features\inventory\screens\inventory_edit_screen.dart",".dart","5121"
"lib\features\inventory\screens\inventory_list_screen.dart",".dart","3020"
"lib\features\inventory\services\inventory_service.dart",".dart","2722"
"lib\features\materials\models\material_item.dart",".dart","0"
"lib\features\materials\models\material_usage.dart",".dart","0"
"lib\features\materials\providers\material_provider.dart",".dart","0"
"lib\features\materials\screens\materials_inventory_screen.dart",".dart","0"
"lib\features\materials\services\material_database_service.dart",".dart","0"
"lib\features\materials\widgets\material_card.dart",".dart","0"
"lib\features\models\employee_report.dart",".dart","33"
"lib\features\models\export_report.dart",".dart","33"
"lib\features\models\financial_report.dart",".dart","302"
"lib\features\models\part_report.dart",".dart","33"
"lib\features\models\repair_report.dart",".dart","33"
"lib\features\notifications\models\app_notification.dart",".dart","0"
"lib\features\notifications\providers\notification_provider.dart",".dart","0"
"lib\features\notifications\screens\notifications_screen.dart",".dart","0"
"lib\features\notifications\services\notification_service.dart",".dart","0"
"lib\features\payments\models\payment_record.dart",".dart","811"
"lib\features\payments\screens\payment_history_screen.dart",".dart","4069"
"lib\features\payments\services\payment_database_service.dart",".dart","1826"
"lib\features\profile\models\user_profile.dart",".dart","0"
"lib\features\profile\models\workshop_settings.dart",".dart","0"
"lib\features\profile\providers\profile_provider.dart",".dart","0"
"lib\features\profile\providers\workshop_settings_provider.dart",".dart","0"
"lib\features\profile\screens\edit_profile_screen.dart",".dart","0"
"lib\features\profile\screens\profile_screen.dart",".dart","0"
"lib\features\profile\screens\settings_screen.dart",".dart","0"
"lib\features\profile\services\edit_profile_screen.dart",".dart","0"
"lib\features\profile\services\profile_service.dart",".dart","0"
"lib\features\profile\services\settings_screen.dart",".dart","0"
"lib\features\purchases\services\purchase_payment_service.dart",".dart","2149"
"lib\features\purchases\widgets\purchase_gl_button.dart",".dart","6427"
"lib\features\purchases\widgets\supplier_payment_button.dart",".dart","6605"
"lib\features\raw_materials\models\raw_material.dart",".dart","2903"
"lib\features\raw_materials\providers\raw_material_provider.dart",".dart","2497"
"lib\features\raw_materials\screens\raw_materials_screen.dart",".dart","3402"
"lib\features\raw_materials\screens\raw_material_edit_screen.dart",".dart","6947"
"lib\features\raw_materials\screens\raw_material_list_screen.dart",".dart","4673"
"lib\features\raw_materials\services\raw_material_service.dart",".dart","2820"
"lib\features\repairs\constants\repair_status.dart",".dart","2788"
"lib\features\repairs\models\check_detail.dart",".dart","92"
"lib\features\repairs\models\installment.dart",".dart","91"
"lib\features\repairs\models\payment.dart",".dart","3303"
"lib\features\repairs\models\purchase_part.dart",".dart","853"
"lib\features\repairs\models\repair.dart",".dart","22678"
"lib\features\repairs\providers\pending_ar_provider.dart",".dart","1152"
"lib\features\repairs\providers\repair_form_provider.dart",".dart","15713"
"lib\features\repairs\providers\repair_provider.dart",".dart","1532"
"lib\features\repairs\providers\repair_reports_provider.dart",".dart","2189"
"lib\features\repairs\providers\repair_stats_provider.dart",".dart","1586"
"lib\features\repairs\screens\add_payment_screen.dart",".dart","9985"
"lib\features\repairs\screens\add_repair_screen.dart",".dart","22086"
"lib\features\repairs\screens\completed_repairs_screen.dart",".dart","1656"
"lib\features\repairs\screens\debts_screen.dart",".dart","11603"
"lib\features\repairs\screens\edit_repair_screen.dart",".dart","27468"
"lib\features\repairs\screens\insurance_tracking_screen.dart",".dart","1672"
"lib\features\repairs\screens\purchase_parts_screen.dart",".dart","6209"
"lib\features\repairs\screens\recieve_payment_screen.dart",".dart","16771"
"lib\features\repairs\screens\repairs_and_ar_screen.dart",".dart","15355"
"lib\features\repairs\screens\repairs_files_screen.dart",".dart","1633"
"lib\features\repairs\screens\repairs_list_screen.dart",".dart","18612"
"lib\features\repairs\screens\repairs_overview_screen.dart",".dart","5248"
"lib\features\repairs\screens\repairs_screen.dart",".dart","23063"
"lib\features\repairs\screens\repair_analytics_screen.dart",".dart","8059"
"lib\features\repairs\screens\repair_details_screen.dart",".dart","53925"
"lib\features\repairs\screens\repair_invoices_screen.dart",".dart","1646"
"lib\features\repairs\screens\repair_invoice_create_button.dart",".dart","5247"
"lib\features\repairs\screens\repair_reports_screen.dart",".dart","15974"
"lib\features\repairs\screens\vehicles_arrears_screen.dart",".dart","21002"
"lib\features\repairs\screens\vehicles_list_screen.dart",".dart","12895"
"lib\features\repairs\services\edit_repair_service.dart",".dart","8737"
"lib\features\repairs\services\payment_database_service.dart",".dart","18243"
"lib\features\repairs\services\purchase_part_service.dart",".dart","1739"
"lib\features\repairs\services\repairs_filters_service.dart",".dart","6841"
"lib\features\repairs\services\repairs_service.dart",".dart","16652"
"lib\features\repairs\services\repair_database_service.dart",".dart","18617"
"lib\features\repairs\services\repair_export_excel.dart",".dart","8431"
"lib\features\repairs\services\repair_export_service.dart",".dart","2026"
"lib\features\repairs\services\repair_finance_service.dart",".dart","6678"
"lib\features\repairs\services\repair_invoice_service.dart",".dart","3494"
"lib\features\repairs\services\repair_ledger_query_service.dart",".dart","3254"
"lib\features\repairs\services\repair_ledger_service.dart",".dart","4244"
"lib\features\repairs\services\repair_pdf_export_service.dart",".dart","1021"
"lib\features\repairs\services\repair_pdf_generator.dart",".dart","26424"
"lib\features\repairs\services\repair_report_service.dart",".dart","2482"
"lib\features\repairs\services\repair_save_service.dart",".dart","12318"
"lib\features\repairs\services\repair_stats_service.dart",".dart","3996"
"lib\features\repairs\widgets\add_payment_dialog.dart",".dart","2648"
"lib\features\repairs\widgets\debt_chart.dart",".dart","0"
"lib\features\repairs\widgets\payment_status_pie_chart.dart",".dart","2966"
"lib\features\repairs\widgets\repair_card.dart",".dart","14625"
"lib\features\repairs\widgets\repair_export_buttons.dart",".dart","7672"
"lib\features\repairs\widgets\repair_filter_bar.dart",".dart","10674"
"lib\features\repairs\widgets\repair_financial_summary.dart",".dart","7988"
"lib\features\repairs\widgets\repair_invoice_create_button.dart",".dart","0"
"lib\features\repairs\widgets\repair_kpi_card.dart",".dart","1698"
"lib\features\repairs\widgets\repair_stats.dart",".dart","5176"
"lib\features\repairs\widgets\repair_stats_cards.dart",".dart","3950"
"lib\features\repairs\widgets\repair_summary_section.dart",".dart","18598"
"lib\features\repairs\widgets\repair_thumb.dart",".dart","2204"
"lib\features\repairs\widgets\view_image_screen.dart",".dart","14218"
"lib\features\repairs\widgets\charts\monthly_debt_chart.dart",".dart","1733"
"lib\features\repairs\widgets\charts\monthly_revenue_chart.dart",".dart","1817"
"lib\features\repairs\widgets\charts\payer_type_pie_chart.dart",".dart","1467"
"lib\features\repairs\widgets\charts\repair_count_chart.dart",".dart","1733"
"lib\features\repairs\widgets\charts\yearly_revenue_chart.dart",".dart","1749"
"lib\features\repairs\widgets\steps\step_beneficiary_data.dart",".dart","12451"
"lib\features\repairs\widgets\steps\step_financial_data.dart",".dart","20490"
"lib\features\repairs\widgets\steps\step_vehicle_data.dart",".dart","9883"
"lib\features\repairs\widgets\steps\step_work_data.dart",".dart","19975"
"lib\features\reports\models\client_report.dart",".dart","240"
"lib\features\reports\models\employee_report.dart",".dart","238"
"lib\features\reports\models\financial_report.dart",".dart","264"
"lib\features\reports\models\part_report.dart",".dart","230"
"lib\features\reports\models\repair_report.dart",".dart","244"
"lib\features\reports\pages\ar_aging_page.dart",".dart","3024"
"lib\features\reports\pages\general_ledger_page.dart",".dart","4544"
"lib\features\reports\pages\trial_balance_page.dart",".dart","4949"
"lib\features\reports\providers\ar_aging_provider.dart",".dart","6676"
"lib\features\reports\providers\general_ledger_provider.dart",".dart","3459"
"lib\features\reports\providers\reports_providers.dart",".dart","0"
"lib\features\reports\providers\trial_balance_provider.dart",".dart","2847"
"lib\features\reports\screens\client_report_screen.dart",".dart","3196"
"lib\features\reports\screens\employee_report_screen.dart",".dart","3206"
"lib\features\reports\screens\export_report_screen.dart",".dart","3044"
"lib\features\reports\screens\general_ledger_screen.dart",".dart","20179"
"lib\features\reports\screens\part_report_screen.dart",".dart","2"
"lib\features\reports\screens\repair_report_screen.dart",".dart","3410"
"lib\features\reports\screens\reports_dashboard_screen.dart",".dart","5748"
"lib\features\reports\screens\trial_balance_screen.dart",".dart","20781"
"lib\features\reports\services\client_report_service.dart",".dart","660"
"lib\features\reports\services\employee_report_service.dart",".dart","738"
"lib\features\reports\services\export_report_service.dart",".dart","542"
"lib\features\reports\services\financial_report_service.dart",".dart","2"
"lib\features\reports\services\part_report_service.dart",".dart","230"
"lib\features\reports\services\repair_report_service.dart",".dart","759"
"lib\features\reports\services\reports_service.dart",".dart","2"
"lib\features\sales\screens\sell_parts_screen.dart",".dart","1769"
"lib\features\sales\screens\sell_repair_screen.dart",".dart","1786"
"lib\features\search\screens\global_search_screen.dart",".dart","7770"
"lib\features\services\export_report_service.dart",".dart","33"
"lib\features\settings\models\workshop_settings.dart",".dart","5732"
"lib\features\settings\providers\workshop_settings_provider.dart",".dart","1404"
"lib\features\settings\screens\settings_screen.dart",".dart","9918"
"lib\features\settings\screens\workshop_settings_screen.dart",".dart","14944"
"lib\features\settings\services\workshop_settings_service.dart",".dart","5596"
"lib\features\settings\widgets\work_hours_settings_section.dart",".dart","6089"
"lib\features\splash\screens\splash_screen.dart",".dart","5188"
"lib\features\startup\startup_screen.dart",".dart","1517"
"lib\features\subscription\models\plan.dart",".dart","2677"
"lib\features\subscription\models\subscription.dart",".dart","2717"
"lib\features\subscription\screens\current_subscription_screen.dart",".dart","4021"
"lib\features\subscription\screens\pending_subscriptions_screen.dart",".dart","3975"
"lib\features\subscription\screens\subscription_screen.dart",".dart","9025"
"lib\features\subscription\services\plan_service.dart",".dart","802"
"lib\features\subscription\services\subscription_service.dart",".dart","3049"
"lib\features\suppliers\models\supplier.dart",".dart","1687"
"lib\features\suppliers\providers\supplier_payables_provider.dart",".dart","3928"
"lib\features\suppliers\providers\supplier_provider.dart",".dart","3093"
"lib\features\suppliers\screens\suppliers_debts_screen.dart",".dart","7922"
"lib\features\suppliers\screens\suppliers_list_screen.dart",".dart","7734"
"lib\features\suppliers\screens\suppliers_payables_list_screen.dart",".dart","11714"
"lib\features\suppliers\screens\suppliers_payables_screen.dart",".dart","7955"
"lib\features\suppliers\screens\suppliers_screen.dart",".dart","5670"
"lib\features\suppliers\screens\supplier_account_screen.dart",".dart","16566"
"lib\features\suppliers\screens\supplier_account_statement_screen.dart",".dart","0"
"lib\features\suppliers\screens\supplier_cheques_screen.dart",".dart","23418"
"lib\features\suppliers\screens\supplier_create_screen.dart",".dart","0"
"lib\features\suppliers\screens\supplier_form_screen.dart",".dart","6143"
"lib\features\suppliers\services\supplier_service.dart",".dart","7899"
"lib\features\support\models\support_ticket.dart",".dart","0"
"lib\features\support\providers\support_provider.dart",".dart","0"
"lib\features\support\screens\technical_support_screen.dart",".dart","3157"
"lib\features\support\services\support_service.dart",".dart","0"
"lib\features\vouchers\dialogs\employees_payment_dialog.dart",".dart","10328"
"lib\features\vouchers\dialogs\expense_voucher_dialog.dart",".dart","5974"
"lib\features\vouchers\dialogs\purchases_dialog.dart",".dart","6609"
"lib\features\vouchers\dialogs\supplier_purchase_dialog.dart",".dart","7188"
"lib\features\vouchers\models\voucher_payment_model.dart",".dart","6212"
"lib\features\vouchers\pdf\payment_voucher_pdf.dart",".dart","7173"
"lib\features\vouchers\pdf\receipt_voucher_pdf.dart",".dart","8201"
"lib\features\vouchers\screens\payment_vouchers_list_screen.dart",".dart","23294"
"lib\features\vouchers\screens\payment_voucher_screen.dart",".dart","24144"
"lib\features\vouchers\screens\receipt_vouchers_list_screen.dart",".dart","16959"
"lib\features\vouchers\screens\receipt_voucher_screen.dart",".dart","28973"
"lib\features\vouchers\services\voucher_payment_service.dart",".dart","17193"
"lib\features\widgets\revenue_card.dart",".dart","1516"
"lib\features\widgets\user_stats_card.dart",".dart","1497"
"lib\l10n\strings_ar.dart",".dart","1201"
"lib\shared\dialogs\confirmation_dialog.dart",".dart","0"
"lib\shared\errors\app_errors.dart",".dart","1760"
"lib\shared\layouts\responsive_builder.dart",".dart","5010"
"lib\shared\screens\under_development_screen.dart",".dart","2238"
"lib\shared\utils\pdf_file_saver.dart",".dart","442"
"lib\shared\utils\repair_excel_export.dart",".dart","868"
"lib\shared\widgets\chart_card.dart",".dart","11403"
"lib\shared\widgets\custom_appbar.dart",".dart","0"
"lib\shared\widgets\empty_state.dart",".dart","0"
"lib\shared\widgets\error_widget.dart",".dart","2026"
"lib\shared\widgets\financial_table_card.dart",".dart","3557"
"lib\shared\widgets\kpi_card.dart",".dart","3100"
"lib\shared\widgets\loading.dart",".dart","1565"
"lib\shared\widgets\purchase_picker.dart",".dart","4626"
"lib\shared\widgets\quick_action_button.dart",".dart","3190"
"lib\shared\widgets\responsive.dart",".dart","2441"
"lib\shared\widgets\responsive_scaffold.dart",".dart","3417"
"lib\shared\widgets\dashboard\kpi_grid.dart",".dart","13538"
"lib\shared\widgets\dashboard\quick_actions.dart",".dart","4815"
"lib\shared\widgets\dashboard\summary_card.dart",".dart","3532"
"lib\shared\widgets\dashboard\summary_cards_grid.dart",".dart","1775"
"lib\shared\widgets\reports\report_chart.dart",".dart","0"
"lib\shared\widgets\reports\report_table.dart",".dart","0"
"lib\theme\app_theme.dart",".dart","3903"
"lib\theme\theme_provider.dart",".dart","969"
"lib\theme\theme_switcher.dart",".dart","1129"
"linux\.gitignore",".gitignore","19"
"linux\flutter\generated_plugins.cmake",".cmake","907"
"linux\flutter\generated_plugin_registrant.cc",".cc","2449"
"linux\flutter\generated_plugin_registrant.h",".h","303"
"linux\runner\main.cc",".cc","186"
"linux\runner\my_application.cc",".cc","4892"
"linux\runner\my_application.h",".h","406"
"macos\.gitignore",".gitignore","96"
"macos\Flutter\Flutter-Debug.xcconfig",".xcconfig","49"
"macos\Flutter\Flutter-Release.xcconfig",".xcconfig","49"
"macos\Flutter\GeneratedPluginRegistrant.swift",".swift","2299"
"macos\Flutter\ephemeral\Flutter-Generated.xcconfig",".xcconfig","517"
"macos\Flutter\ephemeral\flutter_export_environment.sh",".sh","625"
"macos\Flutter\ephemeral\flutter_native_integration.env",".env","445"
"macos\Runner\AppDelegate.swift",".swift","324"
"macos\Runner\DebugProfile.entitlements",".entitlements","360"
"macos\Runner\Info.plist",".plist","1092"
"macos\Runner\MainFlutterWindow.swift",".swift","403"
"macos\Runner\Release.entitlements",".entitlements","248"
"macos\Runner\Assets.xcassets\AppIcon.appiconset\app_icon_1024.png",".png","102994"
"macos\Runner\Assets.xcassets\AppIcon.appiconset\app_icon_128.png",".png","5680"
"macos\Runner\Assets.xcassets\AppIcon.appiconset\app_icon_16.png",".png","520"
"macos\Runner\Assets.xcassets\AppIcon.appiconset\app_icon_256.png",".png","14142"
"macos\Runner\Assets.xcassets\AppIcon.appiconset\app_icon_32.png",".png","1066"
"macos\Runner\Assets.xcassets\AppIcon.appiconset\app_icon_512.png",".png","36406"
"macos\Runner\Assets.xcassets\AppIcon.appiconset\app_icon_64.png",".png","2218"
"macos\Runner\Assets.xcassets\AppIcon.appiconset\Contents.json",".json","1359"
"macos\Runner\Base.lproj\MainMenu.xib",".xib","24072"
"macos\Runner\Configs\AppInfo.xcconfig",".xcconfig","628"
"macos\Runner\Configs\Debug.xcconfig",".xcconfig","79"
"macos\Runner\Configs\Release.xcconfig",".xcconfig","81"
"macos\Runner\Configs\Warnings.xcconfig",".xcconfig","593"
"macos\Runner.xcodeproj\project.pbxproj",".pbxproj","27139"
"macos\Runner.xcodeproj\project.xcworkspace\xcshareddata\IDEWorkspaceChecks.plist",".plist","246"
"macos\Runner.xcodeproj\xcshareddata\xcschemes\Runner.xcscheme",".xcscheme","3814"
"macos\Runner.xcworkspace\contents.xcworkspacedata",".xcworkspacedata","159"
"macos\Runner.xcworkspace\xcshareddata\IDEWorkspaceChecks.plist",".plist","246"
"macos\RunnerTests\RunnerTests.swift",".swift","302"
"web\favicon.png",".png","917"
"web\index.html",".html","1264"
"web\manifest.json",".json","959"
"web\icons\Icon-192.png",".png","5292"
"web\icons\Icon-512.png",".png","8252"
"web\icons\Icon-maskable-192.png",".png","5594"
"web\icons\Icon-maskable-512.png",".png","20998"
"windows\.gitignore",".gitignore","308"
"windows\CMakeLists.txt",".txt","4272"
"windows\flutter\CMakeLists.txt",".txt","3851"
"windows\flutter\generated_plugins.cmake",".cmake","943"
"windows\flutter\generated_plugin_registrant.cc",".cc","1765"
"windows\flutter\generated_plugin_registrant.h",".h","302"
"windows\flutter\ephemeral\flutter_export.h",".h","838"
"windows\flutter\ephemeral\flutter_messenger.h",".h","5204"
"windows\flutter\ephemeral\flutter_plugin_registrar.h",".h","1638"
"windows\flutter\ephemeral\flutter_texture_registrar.h",".h","7332"
"windows\flutter\ephemeral\flutter_windows.dll",".dll","18511360"
"windows\flutter\ephemeral\flutter_windows.dll.exp",".exp","20732"
"windows\flutter\ephemeral\flutter_windows.dll.lib",".lib","35656"
"windows\flutter\ephemeral\flutter_windows.dll.pdb",".pdb","227774464"
"windows\flutter\ephemeral\flutter_windows.h",".h","13932"
"windows\flutter\ephemeral\generated_config.cmake",".cmake","1266"
"windows\flutter\ephemeral\icudtl.dat",".dat","778864"
"windows\flutter\ephemeral\cpp_client_wrapper\binary_messenger_impl.h",".h","1651"
"windows\flutter\ephemeral\cpp_client_wrapper\byte_buffer_streams.h",".h","2946"
"windows\flutter\ephemeral\cpp_client_wrapper\core_implementations.cc",".cc","10693"
"windows\flutter\ephemeral\cpp_client_wrapper\engine_method_result.cc",".cc","529"
"windows\flutter\ephemeral\cpp_client_wrapper\flutter_engine.cc",".cc","4030"
"windows\flutter\ephemeral\cpp_client_wrapper\flutter_view_controller.cc",".cc","1726"
"windows\flutter\ephemeral\cpp_client_wrapper\plugin_registrar.cc",".cc","1783"
"windows\flutter\ephemeral\cpp_client_wrapper\readme","","496"
"windows\flutter\ephemeral\cpp_client_wrapper\standard_codec.cc",".cc","15447"
"windows\flutter\ephemeral\cpp_client_wrapper\texture_registrar_impl.h",".h","1543"
"windows\flutter\ephemeral\cpp_client_wrapper\include\flutter\basic_message_channel.h",".h","5866"
"windows\flutter\ephemeral\cpp_client_wrapper\include\flutter\binary_messenger.h",".h","1927"
"windows\flutter\ephemeral\cpp_client_wrapper\include\flutter\byte_streams.h",".h","2908"
"windows\flutter\ephemeral\cpp_client_wrapper\include\flutter\dart_project.h",".h","5510"
"windows\flutter\ephemeral\cpp_client_wrapper\include\flutter\encodable_value.h",".h","10985"
"windows\flutter\ephemeral\cpp_client_wrapper\include\flutter\engine_method_result.h",".h","2933"
"windows\flutter\ephemeral\cpp_client_wrapper\include\flutter\event_channel.h",".h","7606"
"windows\flutter\ephemeral\cpp_client_wrapper\include\flutter\event_sink.h",".h","2167"
"windows\flutter\ephemeral\cpp_client_wrapper\include\flutter\event_stream_handler.h",".h","2954"
"windows\flutter\ephemeral\cpp_client_wrapper\include\flutter\event_stream_handler_functions.h",".h","2654"
"windows\flutter\ephemeral\cpp_client_wrapper\include\flutter\flutter_engine.h",".h","5085"
"windows\flutter\ephemeral\cpp_client_wrapper\include\flutter\flutter_view.h",".h","1388"
"windows\flutter\ephemeral\cpp_client_wrapper\include\flutter\flutter_view_controller.h",".h","2719"
"windows\flutter\ephemeral\cpp_client_wrapper\include\flutter\message_codec.h",".h","2305"
"windows\flutter\ephemeral\cpp_client_wrapper\include\flutter\method_call.h",".h","1402"
"windows\flutter\ephemeral\cpp_client_wrapper\include\flutter\method_channel.h",".h","5949"
"windows\flutter\ephemeral\cpp_client_wrapper\include\flutter\method_codec.h",".h","4381"
"windows\flutter\ephemeral\cpp_client_wrapper\include\flutter\method_result.h",".h","2860"
"windows\flutter\ephemeral\cpp_client_wrapper\include\flutter\method_result_functions.h",".h","2800"
"windows\flutter\ephemeral\cpp_client_wrapper\include\flutter\plugin_registrar.h",".h","4812"
"windows\flutter\ephemeral\cpp_client_wrapper\include\flutter\plugin_registrar_windows.h",".h","5957"
"windows\flutter\ephemeral\cpp_client_wrapper\include\flutter\plugin_registry.h",".h","1225"
"windows\flutter\ephemeral\cpp_client_wrapper\include\flutter\standard_codec_serializer.h",".h","2957"
"windows\flutter\ephemeral\cpp_client_wrapper\include\flutter\standard_message_codec.h",".h","2108"
"windows\flutter\ephemeral\cpp_client_wrapper\include\flutter\standard_method_codec.h",".h","2688"
"windows\flutter\ephemeral\cpp_client_wrapper\include\flutter\texture_registrar.h",".h","4341"
"windows\runner\CMakeLists.txt",".txt","1836"
"windows\runner\flutter_window.cpp",".cpp","2193"
"windows\runner\flutter_window.h",".h","961"
"windows\runner\main.cpp",".cpp","1310"
"windows\runner\resource.h",".h","448"
"windows\runner\runner.exe.manifest",".manifest","616"
"windows\runner\Runner.rc",".rc","3174"
"windows\runner\utils.cpp",".cpp","1862"
"windows\runner\utils.h",".h","691"
"windows\runner\win32_window.cpp",".cpp","8822"
"windows\runner\win32_window.h",".h","3624"
"windows\runner\resources\app_icon.ico",".ico","118433"
